{
  "name": "Pieterpad",
  "slug": "pieterpad",
  "image": "/data/trails/pieterpad/pieterpad-hero.jpg",
  "countries": ["NL"],
  "seasons": ["Voorjaar", "Zomer", "Herfst"],
  "from": "Pieterburen",
  "to": "Sint-Pietersberg",
  "distance_km": 505,
  "stageCount": 26,
  "gpx": "/data/trails/pieterpad.gpx",
  "images": [
    "data/trails/pieterpad/images/aa.jpg",
    "data/trails/pieterpad/images/ab.jpg",
    "data/trails/pieterpad/images/ac.jpg",
    "data/trails/pieterpad/images/ad.jpg",
    "data/trails/pieterpad/images/ae.jpg"
  ],
  "description": "Het Pieterpad (LAW 9) is de langste aaneengesloten wandelroute van Nederland en beslaat circa 500 kilometer tussen Pieterburen en de Sint-Pietersberg. De route is in beide richtingen wit-rood gemarkeerd en voert door een grote diversiteit aan landschappen: van de Groningse klei en de Drentse zandgronden tot de Sallandse Heuvelrug en het Limburgse heuvelland. De tocht is opgedeeld in 26 officiële etappes, maar is door de goede bereikbaarheid en ruime keuze aan overnachtingsmogelijkheden — variërend van campings tot hotels — volledig naar eigen inzicht in te delen. Het pad is het gehele jaar begaanbaar en geschikt voor iedere wandelaar.",
  "description_full": "Het Pieterpad: De ruggengraat van wandelend Nederland\nHet Pieterpad is zonder twijfel de meest iconische langeafstandswandeling (LAW 9) van Nederland. De route voert je over een traject van circa 500 kilometer dwars door het oosten van het land, tussen het Groningse Pieterburen in het hoge noorden en de Sint-Pietersberg bij Maastricht in het diepe zuiden.\nFlexibiliteit en Vrijheid\nHoewel de meeste wandelaars in het noorden beginnen, is het pad volledig in twee richtingen gemarkeerd. Het is dus net zo goed van zuid naar noord te lopen als andersom. Bovendien is het Pieterpad toegankelijk voor iedere wandelliefhebber, ongeacht de gewenste zwaarte:\n* De Avonturier: Loop met zware bepakking en een tent van camping naar camping voor de ultieme outdoorbeleving.\n* De Comfortzoeker: Reis licht met enkel je tandenborstel en schone kleren in je rugzak, en geniet elke avond van de gastvrijheid in een hotel of luxe B&B.\nDe Reis door het Landschap\nWandelen op het Pieterpad betekent een voortdurende verandering van decor:\n* Het Noorden: Weidse Groningse wierden, verstilde Drentse esdorpen en de hunebedden op de Hondsrug.\n* Het Midden: De oversteek van de IJssel, de glooiende Sallandse Heuvelrug en de coulisselandschappen van de Achterhoek.\n* Het Zuiden: De Limburgse Maasvallei die langzaam overgaat in het karakteristieke heuvellandschap rondom Maastricht.\nPlanning & Duur\nDe route bestaat uit 26 officiële etappes, variërend van 15 tot 22 kilometer. Hoe lang je erover doet, bepaal je helemaal zelf, maar vergeet vooral niet om af en toe een rustdag in te plannen om de historische steden en dorpen onderweg te verkennen!\n* Beste reistijd: Het pad is het hele jaar door begaanbaar. De lente (bloesem) en de herfst (gekleurde bossen) zijn absoluut favoriet.\n* Maatwerk: Wil je kortere of juist langere afstanden lopen? Met onze BYO (Build Your Own) routeplanner stel je eenvoudig je eigen etappes samen, precies afgestemd op jouw tempo en accommodatievoorkeuren.\nIn het kort: Een onvergetelijke tocht vol afwisseling en historie. Of je nu een doorgewinterde hiker bent of geniet van een rustige wandeling van hotel naar hotel: het Pieterpad is er voor iedereen.",
  "stages": [
    {"id": "pp-01", "from": "Pieterburen", "to": "Winsum", "km": 12, "gpx": "/data/trails/pieterpad/stages/pp-01.gpx"},
    {"id": "pp-02", "from": "Winsum", "to": "Groningen", "km": 22, "gpx": "/data/trails/pieterpad/stages/pp-02.gpx"},
    {"id": "pp-03", "from": "Groningen", "to": "Zuidlaren", "km": 21, "gpx": "/data/trails/pieterpad/stages/pp-03.gpx"},
    {"id": "pp-04", "from": "Zuidlaren", "to": "Rolde", "km": 17, "gpx": "/data/trails/pieterpad/stages/pp-04.gpx"},
    {"id": "pp-05", "from": "Rolde", "to": "Schoonloo", "km": 18, "gpx": "/data/trails/pieterpad/stages/pp-05.gpx"},
    {"id": "pp-06", "from": "Schoonloo", "to": "Sleen", "km": 23, "gpx": "/data/trails/pieterpad/stages/pp-06.gpx"},
    {"id": "pp-07", "from": "Sleen", "to": "Coevorden", "km": 21, "gpx": "/data/trails/pieterpad/stages/pp-07.gpx"},
    {"id": "pp-08", "from": "Coevorden", "to": "Hardenberg", "km": 19, "gpx": "/data/trails/pieterpad/stages/pp-08.gpx"},
    {"id": "pp-09", "from": "Hardenberg", "to": "Ommen", "km": 21, "gpx": "/data/trails/pieterpad/stages/pp-09.gpx"},
    {"id": "pp-10", "from": "Ommen", "to": "Hellendoorn", "km": 21, "gpx": "/data/trails/pieterpad/stages/pp-10.gpx"},
    {"id": "pp-11", "from": "Hellendoorn", "to": "Holten", "km": 15, "gpx": "/data/trails/pieterpad/stages/pp-11.gpx"},
    {"id": "pp-12", "from": "Holten", "to": "Laren", "km": 15, "gpx": "/data/trails/pieterpad/stages/pp-12.gpx"},
    {"id": "pp-13", "from": "Laren", "to": "Vorden", "km": 14, "gpx": "/data/trails/pieterpad/stages/pp-13.gpx"},
    {"id": "pp-14", "from": "Vorden", "to": "Zelhem", "km": 17, "gpx": "/data/trails/pieterpad/stages/pp-14.gpx"},
    {"id": "pp-15", "from": "Zelhem", "to": "Braamt", "km": 17, "gpx": "/data/trails/pieterpad/stages/pp-15.gpx"},
    {"id": "pp-16", "from": "Braamt", "to": "Millingen a/d Rijn", "km": 25, "gpx": "/data/trails/pieterpad/stages/pp-16.gpx"},
    {"id": "pp-17", "from": "Millingen a/d Rijn", "to": "Groesbeek", "km": 20, "gpx": "/data/trails/pieterpad/stages/pp-17.gpx"},
    {"id": "pp-18", "from": "Groesbeek", "to": "Gennep", "km": 15, "gpx": "/data/trails/pieterpad/stages/pp-18.gpx"},
    {"id": "pp-19", "from": "Gennep", "to": "Vierlingsbeek", "km": 19, "gpx": "/data/trails/pieterpad/stages/pp-19.gpx"},
    {"id": "pp-20", "from": "Vierlingsbeek", "to": "Swolgen", "km": 24, "gpx": "/data/trails/pieterpad/stages/pp-20.gpx"},
    {"id": "pp-21", "from": "Swolgen", "to": "Venlo", "km": 21, "gpx": "/data/trails/pieterpad/stages/pp-21.gpx"},
    {"id": "pp-22", "from": "Venlo", "to": "Swalmen", "km": 23, "gpx": "/data/trails/pieterpad/stages/pp-22.gpx"},
    {"id": "pp-23", "from": "Swalmen", "to": "Montfort", "km": 22, "gpx": "/data/trails/pieterpad/stages/pp-23.gpx"},
    {"id": "pp-24", "from": "Montfort", "to": "Sittard", "km": 24, "gpx": "/data/trails/pieterpad/stages/pp-24.gpx"},
    {"id": "pp-25", "from": "Sittard", "to": "Strabeek", "km": 22, "gpx": "/data/trails/pieterpad/stages/pp-25.gpx"},
    {"id": "pp-26", "from": "Strabeek", "to": "Sint Pietersberg", "km": 17, "gpx": "/data/trails/pieterpad/stages/pp-26.gpx"}
  ]
}