{
  "name": "Metz naar Lamalou-les-Bains",
  "slug": "metz-lamalou",
  "image": "/data/trails/metz-lamalou/metz-lamalou-hero.jpg",
  "countries": ["FR"],
  "seasons": ["Voorjaar", "Zomer", "Herfst"],
  "from": "Metz",
  "to": "Lamalou-les-Bains",
  "distance_km": 1017,
  "stageCount": 0,
  "gpx": "/data/trails/metz-lamalou.gpx",
  "waypoints": "/data/trails/metz-lamalou/metz-lamalou-waypoints.json",
  "images": [
    "/data/trails/metz-lamalou/metz-lamalou-hero.jpg",
    "/data/trails/metz-lamalou/images/aa.png",
    "/data/trails/metz-lamalou/images/ab.png",
    "/data/trails/metz-lamalou/images/ac.png",
    "/data/trails/metz-lamalou/images/ad.png",
    "/data/trails/metz-lamalou/images/ae.png",
    "/data/trails/metz-lamalou/images/af.png"
  ],
  "description": "Een epische doorkruising van Frankrijk van Metz (Lorraine) naar Lamalou-les-Bains (Hérault) over 1017 kilometer. Deze route maakt deel uit van het 'Europe Full Length' project - een anderhalf jaar durende wandeling van Tarifa (Spanje) tot aan Noordkaap (Noorwegen). De route combineert verschillende GR-routes en paden door diverse Franse landschappen: van de Vogezen en Bourgondië via het Centraal Massief naar de Languedoc. Met 25.000+ hoogtemeters biedt deze route een complete doorsnede van de Franse cultuur, geschiedenis en natuur. De route is niet officieel gemarkeerd maar bestaat uit een combinatie van bestaande wandelpaden, landwegen en GR-routes.",
  "description_full": "Metz naar Lamalou-les-Bains: Frankrijk van Noord naar Zuid\n\nDeze 1017 kilometer lange route is onderdeel van het ambitieuze 'Europe Full Length' project - een complete doorkruising van Europa te voet van het zuidelijkste punt (Tarifa) tot het noordelijkste punt (Noordkaap). Dit Franse segment verbindt Metz in Lorraine met Lamalou-les-Bains in Hérault en doorkruist daarmee het hart van Frankrijk.\n\nDe Route\nDe route is geen officieel gemarkeerd langeafstandspad maar een samengestelde route die gebruik maakt van:\n* Bestaande GR-routes (Grande Randonnée paden)\n* Lokale wandelpaden\n* Historische routes\n* Landwegen en boswegen\n\nStreken & Landschappen\nDe wandeling neemt je mee door een verscheidenheid aan Franse landschappen:\n* Lorraine: De heuvels en bossen van Metz en omgeving\n* Vogezen: Bergachtig terrein met dichte wouden\n* Bourgondië: Wijnvelden, historische dorpen en glooiende heuvels\n* Centraal Massief: Het hoogste gedeelte met alpiene kenmerken\n* Auvergne: Vulkanisch landschap met unieke formaties\n* Languedoc: Mediterrane invloeden en warmere klimaat\n* Haut-Languedoc: Het eindpunt in het natuurpark\n\nUitdaging & Voorbereiding\nMet 1017 kilometer en ruim 25.000 meter hoogteverschil (zowel stijgen als dalen) is dit een serieuze onderneming:\n* Geschatte duur: 40-45 dagen (bij 22-25 km per dag)\n* Technische moeilijkheid: Gemiddeld tot zwaar\n* Navigatie: GPS essentieel (geen doorlopende markering)\n* Accommodatie: Mix van campings, chambres d'hôtes, en occasioneel wild kamperen\n* Bevoorrading: Regelmatig dorpen en steden, maar planning noodzakelijk\n\nBeste Seizoen\nDe route is het best te lopen van begin mei tot eind oktober:\n* Mei-juni: Lente, bloeiende natuur, nog niet te warm\n* Juli-augustus: Warm, druk in toeristische gebieden, lang daglicht\n* September-oktober: Herfst, mooie kleuren, rustiger, wisselend weer\n\nLogistiek\n* Start: Metz heeft goede treinverbindingen vanuit Parijs en Duitsland\n* Einde: Lamalou-les-Bains ligt in Hérault, bereikbaar via Béziers\n* Tijdens: Diverse steden langs de route voor herbevoorrading\n\nNavigatie & Voorbereiding\nVanwege het niet-officiële karakter van deze route:\n* GPS-track downloaden en offline beschikbaar hebben\n* Gedetailleerde kaarten per sectie\n* Powerbank voor je GPS-apparaat\n* Backup-navigatie (papieren kaarten van belangrijke secties)\n* Flexibiliteit in planning (weer, energie, blessures)\n\nWat Mee te Nemen\n* Lichte tent of bivyzak (niet overal accommodatie)\n* Kookstel (niet overal restaurants)\n* Waterfilter of purificatietabletten\n* Eerste hulp kit\n* Weerskleding voor alle condities\n* Powerbank/zonnepaneel\n\nContext: Europe Full Length Project\nDeze route is onderdeel van een groter project waarbij het complete traject van Tarifa (zuidelijkste punt van continentaal Europa) naar Noordkaap (noordelijkste punt) te voet wordt afgelegd. Na voltooiing van Metz-Lamalou rest alleen nog het noordelijkste segment: Noordkaap-Trondheim. Het gehele project duurt ongeveer anderhalf jaar en omvat duizenden kilometers door Spanje, Frankrijk, België, Nederland, Duitsland, Denemarken, Zweden, Finland en Noorwegen.\n\nFilosofie\nDit is geen geoptimaliseerde trail maar een route die is samengesteld op basis van beschikbare paden, mooie landschappen en praktische verbindingen. Het gaat om het proces, de ervaringen onderweg, en het avontuur van het doorkruisen van Europa op menselijke snelheid - te voet.",
  "stages": []
}
