{
  "name": "Fisherman's Trail",
  "slug": "fishermans-trail",
  "image": "/data/trails/fishermans-trail/fishermans-trail-hero.jpg",
  "countries": ["PT"],
  "seasons": ["Voorjaar", "Herfst", "Winter"],
  "from": "São Torpes",
  "to": "Lagos",
  "distance_km": 226,
  "stageCount": 13,
  "gpx": "/data/trails/fishermans-trail.gpx",
  "waypoints": "/data/trails/fishermans-trail/fishermans-trail-waypoints.json",
  "images": [
    "/data/trails/fishermans-trail/fishermans-trail-hero.jpg",
    "/data/trails/fishermans-trail/images/aa.webp",
    "/data/trails/fishermans-trail/images/ab.webp",
    "/data/trails/fishermans-trail/images/ac.webp",
    "/data/trails/fishermans-trail/images/ad.webp",
    "/data/trails/fishermans-trail/images/ae.webp",
    "/data/trails/fishermans-trail/images/af.webp",
    "/data/trails/fishermans-trail/images/ag.webp",
    "/data/trails/fishermans-trail/images/ah.webp"
  ],
  "description": "De Fisherman's Trail (Trilho dos Pescadores) is een van de mooiste kustroutes ter wereld en loopt langs de wilde Atlantische kust van Zuid-Portugal. De route volgt de oude paden van lokale vissers en voert je van São Torpes (bij Sines) naar Lagos door een beschermd natuurgebied met spectaculaire kliffen, verlaten stranden en authentieke vissersdorpjes. Met 13 officiële etappes van gemiddeld 17 kilometer is de tocht in beide richtingen te lopen en uitstekend gemarkeerd met groene en blauwe strepen. Het pad is toegankelijk voor wandelaars van alle niveaus, hoewel de diepe zandpaden best zwaar kunnen zijn. De beste tijd om te lopen is voorjaar (maart-mei) of herfst (september-november) wanneer de temperaturen aangenaam zijn en de kust tot leven komt met wilde bloemen.",
  "description_full": "De Fisherman's Trail: Portugal's Wilde Kustwandeling\n\nDe Fisherman's Trail is een iconische kustroute die zich uitstrekt over 226 kilometer langs de zuidwestkust van Portugal. Als onderdeel van het grotere Rota Vicentina netwerk, volgt deze route de oude paden die vissers gebruikten om naar hun favoriete visplekken te komen.\n\nHet Landschap\nDe Fisherman's Trail neemt je mee door het Natuurpark Zuidwest Alentejo en Vicentijnse Kust, een van de best beschermde kustgebieden in Zuid-Europa. Deze bescherming heeft ervoor gezorgd dat de kust zijn wilde, ongerepte karakter heeft behouden - geen massatoerisme of strandhotels, maar authentieke vissersdorpjes en eindeloze lege stranden.\n\nWat je onderweg tegenkomt:\n* Dramatische kliffen die tot 100 meter boven de Atlantische Oceaan uitsteken\n* Brede zandstranden met turkooisblauw water en natuurlijke zwembaden\n* Kleurrijke duinen bedekt met wilde bloemen en zeldzame planten\n* Authentieke vissersdorpjes zoals Porto Covo, Zambujeira do Mar en Odeceixe\n* Cabo de São Vicente - het meest zuidwestelijke punt van continentaal Europa\n\nDe Uitdaging\nHoewel de route technisch niet moeilijk is en weinig hoogtemeters kent (gemiddeld 150-200 meter per dag), maken de diepe zandpaden het wandelen zwaarder dan je zou verwachten. Meer dan 60% van de route loopt over zand, wat extra kracht van je kuiten en enkels vraagt. Goede schoenen of sandalen zijn essentieel, en veel wandelaars gebruiken gamaschen om zand uit hun schoenen te houden.\n\nPlannen & Voorbereiden\nDe route bestaat uit 13 officiële etappes, variërend van 10 tot 23 kilometer. De meeste wandelaars voltooien de volledige route in 11-14 dagen, inclusief rustdagen. Elke dag eindigt in een dorp met accommodatie-opties van campings tot comfortabele hotels.\n\nBeste Reistijd:\n* Voorjaar (maart-mei): Wilde bloemen in bloei, groene kliffen, aangename temperaturen (15-25°C)\n* Herfst (september-november): Nog warm genoeg om te zwemmen, minder druk, prachtige kleuren\n* Winter (december-februari): Mogelijk maar wisselvallig weer met kans op regen\n* Zomer (juni-augustus): Heet (vaak >30°C) en druk, niet ideaal voor lange wandelingen\n\nOvernachten\nElke etappe eindigt in een dorp met diverse accommodatiemogelijkheden. Van comfortabele hostels (€15-25) tot boutique hotels (€60-100). Wild kamperen is niet toegestaan, maar er zijn officiële campings in Porto Covo, Vila Nova de Milfontes, Zambujeira do Mar, Odeceixe, Aljezur, Sagres en Salema.\n\nLogistiek\nDe meeste wandelaars beginnen in Porto Covo (makkelijk bereikbaar vanaf Lissabon met de bus, 2-3 uur). Je kunt de route in beide richtingen lopen, maar de meeste mensen gaan van noord naar zuid zodat de zon niet in je gezicht schijnt. Vanuit Lagos kun je makkelijk doorreizen naar Faro of terug naar Lissabon.\n\nMarkering & Navigatie\nDe route is uitstekend gemarkeerd met houten paaltjes met groene en blauwe strepen. Verdwalen is bijna onmogelijk. Toch is het verstandig om een GPS-track te downloaden als backup, vooral bij bewolkt weer wanneer de paaltjes moeilijker te zien zijn.\n\nWat Mee te Nemen\n* Minimaal 1,5-2 liter water per persoon per dag (weinig bronnen onderweg)\n* Zonnebrandcrème en hoed (weinig schaduw)\n* Windjas (de kustwind kan krachtig zijn)\n* Badpak (verleidelijke stranden en natuurlijke zwembaden)\n* Snacks voor onderweg (niet elke dag zijn er winkels of restaurants)\n\nConclusie\nDe Fisherman's Trail combineert spectaculaire natuurschoon met culturele authenticiteit. Of je nu een doorgewinterde hiker bent of gewoon houdt van wandelen langs de kust, deze route biedt een onvergetelijke ervaring in een van Europa's laatste wilde kustgebieden.",
  "stages": [
    {
      "id": "ft-01",
      "from": "São Torpes",
      "to": "Porto Covo",
      "km": 10,
      "gpx": "/data/trails/fishermans-trail/stages/ft-01.gpx"
    },
    {
      "id": "ft-02",
      "from": "Porto Covo",
      "to": "Vila Nova de Milfontes",
      "km": 20,
      "gpx": "/data/trails/fishermans-trail/stages/ft-02.gpx"
    },
    {
      "id": "ft-03",
      "from": "Vila Nova de Milfontes",
      "to": "Almograve",
      "km": 15,
      "gpx": "/data/trails/fishermans-trail/stages/ft-03.gpx"
    },
    {
      "id": "ft-04",
      "from": "Almograve",
      "to": "Zambujeira do Mar",
      "km": 22,
      "gpx": "/data/trails/fishermans-trail/stages/ft-04.gpx"
    },
    {
      "id": "ft-05",
      "from": "Zambujeira do Mar",
      "to": "Odeceixe",
      "km": 18,
      "gpx": "/data/trails/fishermans-trail/stages/ft-05.gpx"
    },
    {
      "id": "ft-06",
      "from": "Odeceixe",
      "to": "Aljezur",
      "km": 23,
      "gpx": "/data/trails/fishermans-trail/stages/ft-06.gpx"
    },
    {
      "id": "ft-07",
      "from": "Aljezur",
      "to": "Arrifana",
      "km": 17,
      "gpx": "/data/trails/fishermans-trail/stages/ft-07.gpx"
    },
    {
      "id": "ft-08",
      "from": "Arrifana",
      "to": "Carrapateira",
      "km": 20,
      "gpx": "/data/trails/fishermans-trail/stages/ft-08.gpx"
    },
    {
      "id": "ft-09",
      "from": "Carrapateira",
      "to": "Vila do Bispo",
      "km": 15,
      "gpx": "/data/trails/fishermans-trail/stages/ft-09.gpx"
    },
    {
      "id": "ft-10",
      "from": "Vila do Bispo",
      "to": "Sagres",
      "km": 20,
      "gpx": "/data/trails/fishermans-trail/stages/ft-10.gpx"
    },
    {
      "id": "ft-11",
      "from": "Sagres",
      "to": "Salema",
      "km": 20,
      "gpx": "/data/trails/fishermans-trail/stages/ft-11.gpx"
    },
    {
      "id": "ft-12",
      "from": "Salema",
      "to": "Luz",
      "km": 12,
      "gpx": "/data/trails/fishermans-trail/stages/ft-12.gpx"
    },
    {
      "id": "ft-13",
      "from": "Luz",
      "to": "Lagos",
      "km": 11,
      "gpx": "/data/trails/fishermans-trail/stages/ft-13.gpx"
    }
  ]
}
