{
  "name": "GR5",
  "slug": "gr5",
  "from": "Hoek van Holland",
  "to": "Nice",
  "countries": ["Netherlands", "Belgium", "Luxembourg", "France", "Switzerland"],
  "seasons": ["Voorjaar", "Zomer", "Herfst"],
  "distance_km": "2150",
  "stageCount": "130",
  "description": "De GR5 is een van Europa's meest iconische lange-afstand wandelpaden. Het pad loopt van de Noordzee bij Hoek van Holland helemaal tot de Middellandse Zee in Nice, door vijf prachtige landen. Onderweg doorkruis je de Ardennen, de Vogezen, de Jura en uiteindelijk de Franse Alpen. Een epische tocht door afwisselende landschappen, van Nederlandse polders tot alpine hoogtes.",
  "image": "/data/trails/gr5/gr5-hero.jpg",
  "gpx": "/data/trails/gr5.gpx"
}